Odkaz,Rozměry bytu,Dispozice bytu,Cena bytu,Město,Ulice
https://www.sreality.cz//detail/pronajem/byt/1+kk/zlin-zlin-vetrna/2431017548,26m²,1+kk,8900Kč/měsíc,Zlín,Větrná
https://www.sreality.cz//detail/pronajem/byt/1+kk/zlin-zlin-j-a-bati/2892255820,31m²,1+kk,Cena na vyžádání,Zlín,J. A. Bati
https://www.sreality.cz//detail/pronajem/byt/1+kk/zlin-zlin-zelinova/602452812,37m²,1+kk,11500Kč/měsíc,Zlín,Zelinova
https://www.sreality.cz//detail/pronajem/byt/1+kk/slavicin-slavicin-osvobozeni/2048213580,44m²,1+kk,11000Kč/měsíc,Slavičín,Osvobození
https://www.sreality.cz//detail/pronajem/byt/1+kk/zlin-zlin-podlesi-ii/1535353676,30m²,1+kk,10000Kč/měsíc,Zlín,Podlesí II
https://www.sreality.cz//detail/pronajem/byt/1+kk/zlin-zlin-pod-kriby/2290328396,38m²,1+kk,11000Kč/měsíc,Zlín,Pod Křiby
https://www.sreality.cz//detail/pronajem/byt/1+kk/luhacovice-luhacovice-leose-janacka/3640889932,30m²,1+kk,10000Kč/měsíc,Luhačovice,Leoše Janáčka
https://www.sreality.cz//detail/pronajem/byt/1+1/zlin-zlin-drevnicka/1731158604,38m²,1+1,9400Kč/měsíc,Zlín,Dřevnická
https://www.sreality.cz//detail/pronajem/byt/2+1/zlin-zlin-podlesi-iii/2323755852,44m²,2+1,15000Kč/měsíc,Zlín,Podlesí III
https://www.sreality.cz//detail/pronajem/byt/3+1/zlin-malenovice-/3547222604,65m²,3+1,18000Kč/měsíc,Zlín - Malenovice,
https://www.sreality.cz//detail/pronajem/byt/3+1/zlin-prstne-k-svetle/3373249356,68m²,3+1,18000Kč/měsíc,Zlín - Prštné,K. Světlé
https://www.sreality.cz//detail/pronajem/byt/1+1/zlin-zlin-/1976804172,49m²,1+1,13500Kč/měsíc,Zlín,
https://www.sreality.cz//detail/pronajem/byt/1+kk/zlin-zlin-/180593484,25m²,1+kk,8500Kč/měsíc,Zlín,
https://www.sreality.cz//detail/pronajem/byt/2+kk/napajedla-napajedla-zerotinova/3131024204,43m²,2+kk,9000Kč/měsíc,Napajedla,Žerotínova
https://www.sreality.cz//detail/pronajem/byt/1+kk/zlin-zlin-pasecka/1258529612,30m²,1+kk,14900Kč/měsíc,Zlín,Pasecká
https://www.sreality.cz//detail/pronajem/byt/2+1/zlin-zlin-potoky/1478427212,56m²,2+1,12000Kč/měsíc,Zlín,Potoky
https://www.sreality.cz//detail/pronajem/byt/2+kk/slavicin-slavicin-osvobozeni/755213132,55m²,2+kk,13500Kč/měsíc,Slavičín,Osvobození
https://www.sreality.cz//detail/pronajem/byt/2+1/zlin-prstne-svat-cecha/202089292,70m²,2+1,9000Kč/měsíc,Zlín - Prštné,Svat. Čecha
https://www.sreality.cz//detail/pronajem/byt/1+kk/zlin-zlin-sevcovska/1049576012,30m²,1+kk,13000Kč/měsíc,Zlín,Ševcovská
https://www.sreality.cz//detail/pronajem/byt/3+1/petruvka-petruvka-/2012049996,70m²,3+1,10000Kč/měsíc,Petrůvka,
https://www.sreality.cz//detail/pronajem/byt/2+1/zlin-zlin-podlesi-iv/1228387148,64m²,2+1,13000Kč/měsíc,Zlín,Podlesí IV
https://www.sreality.cz//detail/pronajem/byt/1+kk/zlin-prstne-svat-cecha/1133032268,25m²,1+kk,8400Kč/měsíc,Zlín - Prštné,Svat. Čecha
https://www.sreality.cz//detail/pronajem/byt/3+1/zlin-zlin-2-kvetna/4066616140,72m²,3+1,14500Kč/měsíc,Zlín,2. května
https://www.sreality.cz//detail/pronajem/byt/2+1/zlin-zlin-benesovo-nabrezi/1408017228,57m²,2+1,8000Kč/měsíc,Zlín,Benešovo nábřeží
https://www.sreality.cz//detail/pronajem/byt/2+kk/zlin-zlin-vozenilkova/3128377932,53m²,2+kk,15000Kč/měsíc,Zlín,Voženílkova
https://www.sreality.cz//detail/pronajem/byt/1+kk/zlin-priluky-pancava/4211225164,22m²,1+kk,9500Kč/měsíc,Zlín - Příluky,Pančava
https://www.sreality.cz//detail/pronajem/byt/2+1/zlin-zlin-slunecna/884826700,60m²,2+1,11500Kč/měsíc,Zlín,Slunečná
https://www.sreality.cz//detail/pronajem/byt/3+kk/zlin-priluky-pancava/2810987084,46m²,3+kk,18000Kč/měsíc,Zlín - Příluky,Pančava
https://www.sreality.cz//detail/pronajem/byt/3+1/zlin-zlin-vysoka/1976083276,60m²,3+1,18600Kč/měsíc,Zlín,Vysoká
https://www.sreality.cz//detail/pronajem/byt/1+kk/zlin-zlin-druzstevni/3911410252,33m²,1+kk,9500Kč/měsíc,Zlín,Družstevní
https://www.sreality.cz//detail/pronajem/byt/1+kk/zlin-zlin-sevcovska/1882956620,30m²,1+kk,12900Kč/měsíc,Zlín,Ševcovská
https://www.sreality.cz//detail/pronajem/byt/1+kk/zlin-prstne-l-vachy/4180255564,32m²,1+kk,10900Kč/měsíc,Zlín - Prštné,L. Váchy
https://www.sreality.cz//detail/pronajem/byt/1+kk/zlin-zlin-nad-stranemi/2658030156,27m²,1+kk,8460Kč/měsíc,Zlín,Nad Stráněmi
https://www.sreality.cz//detail/pronajem/byt/2+1/zlin-zlin-na-honech-ii/2427994700,45m²,2+1,14000Kč/měsíc,Zlín,Na Honech II
https://www.sreality.cz//detail/pronajem/byt/2+kk/zlin-zlin-j-a-bati/1936499532,41m²,2+kk,13500Kč/měsíc,Zlín,J. A. Bati
https://www.sreality.cz//detail/pronajem/byt/4+kk/zlin-zlin-havlickovo-nabrezi/2023596876,113m²,4+kk,30000Kč/měsíc,Zlín,Havlíčkovo nábřeží
https://www.sreality.cz//detail/pronajem/byt/1+1/napajedla-napajedla-nabrezi/1684976460,33m²,1+1,8000Kč/měsíc,Napajedla,Nábřeží
https://www.sreality.cz//detail/pronajem/byt/2+1/zlin-kudlov-vaclavska/1154065228,57m²,2+1,12000Kč/měsíc,Zlín - Kudlov,Václavská
https://www.sreality.cz//detail/pronajem/byt/2+1/zlin-zlin-benesovo-nabrezi/700162892,65m²,2+1,11000Kč/měsíc,Zlín,Benešovo nábřeží
https://www.sreality.cz//detail/pronajem/byt/2+1/zlin-malenovice-chelcickeho/2169746252,58m²,2+1,13000Kč/měsíc,Zlín - Malenovice,Chelčického
https://www.sreality.cz//detail/pronajem/byt/2+kk/zlin-zlin-pod-kriby/3234702156,38m²,2+kk,15000Kč/měsíc,Zlín,Pod Křiby
https://www.sreality.cz//detail/pronajem/byt/2+1/zlin-mladcova-mokra-i/367895372,57m²,2+1,10000Kč/měsíc,Zlín - Mladcová,Mokrá I
https://www.sreality.cz//detail/pronajem/byt/1+kk/zlin-zlin-lorencova/1268953932,26m²,1+kk,10900Kč/měsíc,Zlín,Lorencova
https://www.sreality.cz//detail/pronajem/byt/2+kk/otrokovice-otrokovice-moravni/2939503180,56m²,2+kk,20990Kč/měsíc,Otrokovice,Moravní
https://www.sreality.cz//detail/pronajem/byt/1+kk/otrokovice-otrokovice-moravni/4281680460,32m²,1+kk,14000Kč/měsíc,Otrokovice,Moravní
https://www.sreality.cz//detail/pronajem/byt/2+1/frystak-frystak-namesti-miru/1362993996,72m²,2+1,12000Kč/měsíc,Fryšták,náměstí Míru
https://www.sreality.cz//detail/pronajem/byt/1+1/zlin-louky-zadni-luhy/3514671948,18m²,1+1,10000Kč/měsíc,Zlín - Louky,Zadní luhy
https://www.sreality.cz//detail/pronajem/byt/1+kk/zlin-zlin-stefanikova/795714380,22m²,1+kk,11900Kč/měsíc,Zlín,Štefánikova
https://www.sreality.cz//detail/pronajem/byt/2+1/zlin-zlin-bartosova/3059696204,80m²,2+1,15500Kč/měsíc,Zlín,Bartošova
https://www.sreality.cz//detail/pronajem/byt/2+1/zlin-zlin-sokolska/3348013900,53m²,2+1,15000Kč/měsíc,Zlín,Sokolská
https://www.sreality.cz//detail/pronajem/byt/1+kk/otrokovice-kvitkovice-spojovaci/3115230028,40m²,1+kk,12500Kč/měsíc,Otrokovice - Kvítkovice,Spojovací
https://www.sreality.cz//detail/pronajem/byt/3+1/zlin-zlin-na-honech-iii/2923340620,66m²,3+1,16500Kč/měsíc,Zlín,Na Honech III
https://www.sreality.cz//detail/pronajem/byt/1+kk/zlin-zlin-zelinova/544121676,37m²,1+kk,12500Kč/měsíc,Zlín,Zelinova
https://www.sreality.cz//detail/pronajem/byt/1+1/zlin-zlin-dily-iii/1013514076,36m²,1+1,12000Kč/měsíc,Zlín,Díly III
https://www.sreality.cz//detail/pronajem/byt/pokoj/breznice-breznice-/4267840588,20m²,pokoje,7500Kč/měsíc,Březnice,
https://www.sreality.cz//detail/pronajem/byt/2+kk/zlin-zlin-pasecka/953279820,36m²,2+kk,12500Kč/měsíc,Zlín,Pasecká
https://www.sreality.cz//detail/pronajem/byt/pokoj/zlin-zlin-tyrsovo-nabrezi/1278517836,35m²,pokoje,5500Kč/měsíc,Zlín,Tyršovo nábřeží
https://www.sreality.cz//detail/pronajem/byt/1+1/zlin-mladcova-/1192928076,44m²,1+1,11000Kč/měsíc,Zlín - Mladcová,
https://www.sreality.cz//detail/pronajem/byt/2+1/zlin-lhotka-/931312460,65m²,2+1,12500Kč/měsíc,Zlín - Lhotka,
https://www.sreality.cz//detail/pronajem/byt/2+1/zlin-zlin-ruzova/1069523788,70m²,2+1,18000Kč/měsíc,Zlín,Růžová
https://www.sreality.cz//detail/pronajem/byt/1+1/zlin-zlin-dlouha/2900337484,31m²,1+1,8900Kč/měsíc,Zlín,Dlouhá
https://www.sreality.cz//detail/pronajem/byt/1+1/zlin-zlin-podlesi-iv/2749342540,36m²,1+1,8900Kč/měsíc,Zlín,Podlesí IV
https://www.sreality.cz//detail/pronajem/byt/3+kk/zlin-zlin-koterova/536847180,63m²,3+kk,13000Kč/měsíc,Zlín,Kotěrova
https://www.sreality.cz//detail/pronajem/byt/1+kk/zlin-zlin-vetrna/2431017548,26m²,1+kk,8900Kč/měsíc,Zlín,Větrná
https://www.sreality.cz//detail/pronajem/byt/2+kk/zlin-malenovice-sokolovska/4068451148,55m²,2+kk,15900Kč/měsíc,Zlín - Malenovice,Sokolovská
https://www.sreality.cz//detail/pronajem/byt/4+1/zlin-zlin-stredova/1550058060,4+1,bytu,16000Kč/měsíc,Zlín,Středová
https://www.sreality.cz//detail/pronajem/byt/2+1/zlin-malenovice-husova/946164300,48m²,2+1,10200Kč/měsíc,Zlín - Malenovice,Husova
https://www.sreality.cz//detail/pronajem/byt/2+kk/zlin-zlin-podlesi-v/3971523404,58m²,2+kk,12500Kč/měsíc,Zlín,Podlesí V
https://www.sreality.cz//detail/pronajem/byt/2+1/otrokovice-otrokovice-tr-osvobozeni/4002570828,65m²,2+1,11000Kč/měsíc,Otrokovice,tř. Osvobození
https://www.sreality.cz//detail/pronajem/byt/2+1/vizovice-vizovice-ctvrt-a-haby/2712908620,56m²,2+1,11500Kč/měsíc,Vizovice,čtvrť A. Háby
https://www.sreality.cz//detail/pronajem/byt/3+1/otrokovice-kvitkovice-hlavni/3048452940,65m²,3+1,12500Kč/měsíc,Otrokovice - Kvítkovice,Hlavní
https://www.sreality.cz//detail/pronajem/byt/2+1/otrokovice-otrokovice-nadrazni/2277090124,56m²,2+1,12000Kč/měsíc,Otrokovice,Nádražní
https://www.sreality.cz//detail/pronajem/byt/1+kk/zlin-priluky-bonecky-rybnik/3745096524,28m²,1+kk,15000Kč/měsíc,Zlín - Příluky,Boněcký rybník
https://www.sreality.cz//detail/pronajem/byt/1+kk/otrokovice-otrokovice-j-jaburkove/506045260,30m²,1+kk,10000Kč/měsíc,Otrokovice,J. Jabůrkové
https://www.sreality.cz//detail/pronajem/byt/3+1/otrokovice-otrokovice-svobodova/3727270732,73m²,3+1,19500Kč/měsíc,Otrokovice,Svobodova
https://www.sreality.cz//detail/pronajem/byt/2+1/zlin-zlin-bratri-jaronku/2104075084,54m²,2+1,12500Kč/měsíc,Zlín,Bratří Jaroňků
https://www.sreality.cz//detail/pronajem/byt/1+kk/zlin-zlin-kuty/53625420,30m²,1+kk,12000Kč/měsíc,Zlín,Kúty
https://www.sreality.cz//detail/pronajem/byt/1+1/zlin-zlin-potoky/3362869836,36m²,1+1,12500Kč/měsíc,Zlín,Potoky
https://www.sreality.cz//detail/pronajem/byt/2+1/otrokovice-kvitkovice-lidicka/2633671500,49m²,2+1,11000Kč/měsíc,Otrokovice - Kvítkovice,Lidická
https://www.sreality.cz//detail/pronajem/byt/3+kk/frystak-horni-ves-komenskeho/4162495308,63m²,3+kk,15000Kč/měsíc,Fryšták - Horní Ves,Komenského
https://www.sreality.cz//detail/pronajem/byt/3+kk/zlin-zlin-obeciny/3256525644,80m²,3+kk,15000Kč/měsíc,Zlín,Obeciny
https://www.sreality.cz//detail/pronajem/byt/3+1/zlin-malenovice-husova/1862968140,63m²,3+1,17490Kč/měsíc,Zlín - Malenovice,Husova
https://www.sreality.cz//detail/pronajem/byt/2+kk/zlin-priluky-nebeska/2857018188,70m²,2+kk,19800Kč/měsíc,Zlín - Příluky,Nebeská
https://www.sreality.cz//detail/pronajem/byt/1+kk/zlin-zlin-breznicka/2228634188,38m²,1+kk,10000Kč/měsíc,Zlín,Březnická
https://www.sreality.cz//detail/pronajem/byt/1+kk/zlin-prstne-svat-cecha/1133032268,25m²,1+kk,8400Kč/měsíc,Zlín - Prštné,Svat. Čecha
https://www.sreality.cz//detail/pronajem/byt/3+kk/sazovice-sazovice-/808739404,61m²,3+kk,17000Kč/měsíc,Sazovice,
https://www.sreality.cz//detail/pronajem/byt/2+kk/zlin-zlin-podlesi-v/2449187660,56m²,2+kk,17000Kč/měsíc,Zlín,Podlesí V
https://www.sreality.cz//detail/pronajem/byt/1+1/zlin-zlin-dily-iv/4028343116,29m²,1+1,12000Kč/měsíc,Zlín,Díly IV
https://www.sreality.cz//detail/pronajem/byt/2+1/zlin-zlin-cihlarska/3188433740,55m²,2+1,16500Kč/měsíc,Zlín,Cihlářská
https://www.sreality.cz//detail/pronajem/byt/3+1/zlin-zlin-benesovo-nabrezi/3850085196,78m²,3+1,13000Kč/měsíc,Zlín,Benešovo nábřeží
https://www.sreality.cz//detail/pronajem/byt/3+1/zlin-zlin-trida-tomase-bati/3781927756,3+1,bytu,13000Kč/měsíc,Zlín,třída Tomáše Bati
https://www.sreality.cz//detail/pronajem/byt/1+kk/valasske-klobouky-valasske-klobouky-masarykovo-namesti/1645978444,24m²,1+kk,10670Kč/měsíc,Valašské Klobouky,Masarykovo náměstí
https://www.sreality.cz//detail/pronajem/byt/1+1/zlin-zlin-u-zimniho-stadionu/3306468172,24m²,1+1,8768Kč/měsíc,Zlín,U Zimního stadionu
https://www.sreality.cz//detail/pronajem/byt/3+1/zlin-zlin-prikra/3492066124,110m²,3+1,17000Kč/měsíc,Zlín,Příkrá
https://www.sreality.cz//detail/pronajem/byt/2+kk/zlin-prstne-jiraskova/2002039628,40m²,2+kk,14000Kč/měsíc,Zlín - Prštné,Jiráskova
https://www.sreality.cz//detail/pronajem/byt/3+1/zlin-zlin-u-trojaku/426029900,92m²,3+1,16000Kč/měsíc,Zlín,U Trojáku
https://www.sreality.cz//detail/pronajem/byt/2+1/zlin-zlin-stefanikova/3309658700,43m²,2+1,14000Kč/měsíc,Zlín,Štefánikova
https://www.sreality.cz//detail/pronajem/byt/1+1/otrokovice-kvitkovice-lucni/3824530252,33m²,1+1,9650Kč/měsíc,Otrokovice - Kvítkovice,Luční
https://www.sreality.cz//detail/pronajem/byt/2+kk/zlin-zlin-kriby/2350232396,34m²,2+kk,10000Kč/měsíc,Zlín,Křiby
https://www.sreality.cz//detail/pronajem/byt/1+kk/otrokovice-kvitkovice-j-valcika/4044731212,29m²,1+kk,10500Kč/měsíc,Otrokovice - Kvítkovice,J. Valčíka
https://www.sreality.cz//detail/pronajem/byt/3+kk/zlin-zlin-mostni/2919609164,65m²,3+kk,12000Kč/měsíc,Zlín,Mostní
https://www.sreality.cz//detail/pronajem/byt/3+kk/zlin-zlin-na-honech-i/302363468,98m²,3+kk,21700Kč/měsíc,Zlín,Na Honech I
https://www.sreality.cz//detail/pronajem/byt/3+kk/frystak-horni-ves-komenskeho/2452992844,62m²,3+kk,18000Kč/měsíc,Fryšták - Horní Ves,Komenského
https://www.sreality.cz//detail/pronajem/byt/1+kk/vizovice-vizovice-masarykovo-nam/2659627852,30m²,1+kk,11500Kč/měsíc,Vizovice,Masarykovo nám.
https://www.sreality.cz//detail/pronajem/byt/2+kk/zlin-zlin-partyzanska/2913579852,80m²,2+kk,23500Kč/měsíc,Zlín,Partyzánská
https://www.sreality.cz//detail/pronajem/byt/1+kk/zlin-zlin-lorencova/1268953932,26m²,1+kk,10900Kč/měsíc,Zlín,Lorencova
https://www.sreality.cz//detail/pronajem/byt/2+kk/zlin-zlin-pasecka/1124811340,48m²,2+kk,17500Kč/měsíc,Zlín,Pasecká
https://www.sreality.cz//detail/pronajem/byt/pokoj/otrokovice-otrokovice-napajedelska/3607974476,35m²,pokoje,9000Kč/měsíc,Otrokovice,Napajedelská
https://www.sreality.cz//detail/pronajem/byt/1+kk/zlin-zlin-stefanikova/762589772,20m²,1+kk,11900Kč/měsíc,Zlín,Štefánikova
https://www.sreality.cz//detail/pronajem/byt/1+kk/zlin-malenovice-hrebickova/1864807244,30m²,1+kk,15000Kč/měsíc,Zlín - Malenovice,Hřebíčkova
https://www.sreality.cz//detail/pronajem/byt/1+1/zlin-louky-zadni-luhy/824423244,20m²,1+1,10000Kč/měsíc,Zlín - Louky,Zadní luhy
https://www.sreality.cz//detail/pronajem/byt/1+kk/zlin-zlin-vejvanovska/757314380,20m²,1+kk,11500Kč/měsíc,Zlín,Vejvanovská
https://www.sreality.cz//detail/pronajem/byt/1+kk/otrokovice-kvitkovice-spojovaci/3810964300,1+kk,bytu,11450Kč/měsíc,Otrokovice - Kvítkovice,Spojovací
https://www.sreality.cz//detail/pronajem/byt/1+1/vizovice-vizovice-stepska/2686890828,34m²,1+1,9200Kč/měsíc,Vizovice,Štěpská
https://www.sreality.cz//detail/pronajem/byt/atypicky/zlin-zlin-vejvanovska/692564812,93m²,atypický,15500Kč/měsíc,Zlín,Vejvanovská
https://www.sreality.cz//detail/pronajem/byt/1+kk/otrokovice-otrokovice-skolni/2030089036,30m²,1+kk,8900Kč/měsíc,Otrokovice,Školní
https://www.sreality.cz//detail/pronajem/byt/1+1/zlin-zlin-nivy-i/2486219596,1+1,bytu,12000Kč/měsíc,Zlín,Nivy I
https://www.sreality.cz//detail/pronajem/byt/2+1/zlin-zlin-stefanikova/1075884876,35m²,2+1,14000Kč/měsíc,Zlín,Štefánikova
https://www.sreality.cz//detail/pronajem/byt/2+1/slavicin-slavicin-dlouha/1811002188,50m²,2+1,12000Kč/měsíc,Slavičín,Dlouhá
https://www.sreality.cz//detail/pronajem/byt/1+kk/zlin-zlin-lorencova/1268953932,26m²,1+kk,10900Kč/měsíc,Zlín,Lorencova
https://www.sreality.cz//detail/pronajem/byt/4+1/zlin-zlin-zalesna-ii/888320844,98m²,4+1,20400Kč/měsíc,Zlín,Zálešná II
https://www.sreality.cz//detail/pronajem/byt/1+1/slavicin-slavicin-u-zahradek/487764812,36m²,1+1,9000Kč/měsíc,Slavičín,U Zahrádek
https://www.sreality.cz//detail/pronajem/byt/1+kk/zlin-zlin-stefanikova/2787291980,24m²,1+kk,11900Kč/měsíc,Zlín,Štefánikova
https://www.sreality.cz//detail/pronajem/byt/1+kk/otrokovice-otrokovice-/568570700,35m²,1+kk,11500Kč/měsíc,Otrokovice,
https://www.sreality.cz//detail/pronajem/byt/1+kk/zlin-zlin-na-honech-i/520336204,29m²,1+kk,9500Kč/měsíc,Zlín,Na Honech I
https://www.sreality.cz//detail/pronajem/byt/3+kk/zlin-zlin-vaclavska/1514386252,92m²,3+kk,18900Kč/měsíc,Zlín,Václavská
https://www.sreality.cz//detail/pronajem/byt/1+kk/zlin-prstne-svat-cecha/1133032268,25m²,1+kk,8400Kč/měsíc,Zlín - Prštné,Svat. Čecha
https://www.sreality.cz//detail/pronajem/byt/3+kk/zlin-zlin-vezove-domy/2053354316,62m²,3+kk,14000Kč/měsíc,Zlín,Věžové domy
https://www.sreality.cz//detail/pronajem/byt/1+1/zlin-priluky-pod-mlynem/1664791372,33m²,1+1,10000Kč/měsíc,Zlín - Příluky,Pod Mlýnem
https://www.sreality.cz//detail/pronajem/byt/1+kk/zlin-zlin-breznicka/217887564,42m²,1+kk,15500Kč/měsíc,Zlín,Březnická
https://www.sreality.cz//detail/pronajem/byt/2+kk/zlin-zlin-kuty/1074008652,62m²,2+kk,18900Kč/měsíc,Zlín,Kúty
https://www.sreality.cz//detail/pronajem/byt/1+kk/frystak-frystak-holesovska/3423384396,26m²,1+kk,9000Kč/měsíc,Fryšták,Holešovská
https://www.sreality.cz//detail/pronajem/byt/2+1/zlin-zlin-kamenna/758952780,57m²,2+1,13700Kč/měsíc,Zlín,Kamenná
https://www.sreality.cz//detail/pronajem/byt/1+kk/zlin-stipa-kostelecka/2638000972,30m²,1+kk,9500Kč/měsíc,Zlín - Štípa,Kostelecká
https://www.sreality.cz//detail/pronajem/byt/4+kk/zlin-kudlov-vrchy/1114420044,147m²,4+kk,35000Kč/měsíc,Zlín - Kudlov,Vrchy
https://www.sreality.cz//detail/pronajem/byt/1+kk/zlin-zlin-breznicka/3217011532,42m²,1+kk,12000Kč/měsíc,Zlín,Březnická
https://www.sreality.cz//detail/pronajem/byt/2+1/zlin-zlin-dukelska/402633548,54m²,2+1,17000Kč/měsíc,Zlín,Dukelská
https://www.sreality.cz//detail/pronajem/byt/3+kk/luhacovice-luhacovice-uprkova/1598010188,82m²,3+kk,20000Kč/měsíc,Luhačovice,Úprkova
https://www.sreality.cz//detail/pronajem/byt/1+kk/zlin-prstne-svat-cecha/1133032268,25m²,1+kk,8400Kč/měsíc,Zlín - Prštné,Svat. Čecha
https://www.sreality.cz//detail/pronajem/byt/1+kk/zlin-prstne-b-nemcove/1974055756,28m²,1+kk,12200Kč/měsíc,Zlín - Prštné,B. Němcové
https://www.sreality.cz//detail/pronajem/byt/3+1/otrokovice-otrokovice-/685355852,74m²,3+1,18000Kč/měsíc,Otrokovice,
https://www.sreality.cz//detail/pronajem/byt/1+1/otrokovice-kvitkovice-snp/3743904332,42m²,1+1,13000Kč/měsíc,Otrokovice - Kvítkovice,SNP
https://www.sreality.cz//detail/pronajem/byt/4+1/zlin-zlin-okruzni/775029324,88m²,4+1,25500Kč/měsíc,Zlín,Okružní
https://www.sreality.cz//detail/pronajem/byt/3+1/zlin-zlin-benesovo-nabrezi/690664268,68m²,3+1,21500Kč/měsíc,Zlín,Benešovo nábřeží
https://www.sreality.cz//detail/pronajem/byt/2+1/zlin-zlin-m-knesla/2439689036,55m²,2+1,12000Kč/měsíc,Zlín,M. Knesla
https://www.sreality.cz//detail/pronajem/byt/1+kk/zlin-zlin-k-majaku/1641788236,25m²,1+kk,8000Kč/měsíc,Zlín,K Majáku
https://www.sreality.cz//detail/pronajem/byt/2+1/otrokovice-otrokovice-cechova/1197192012,45m²,2+1,13000Kč/měsíc,Otrokovice,Čechova
https://www.sreality.cz//detail/pronajem/byt/1+kk/zlin-prstne-svat-cecha/1133032268,25m²,1+kk,8400Kč/měsíc,Zlín - Prštné,Svat. Čecha
https://www.sreality.cz//detail/pronajem/byt/3+1/zlin-zlin-severni-vrsava/1749791564,73m²,3+1,14000Kč/měsíc,Zlín,Severní Vršava
https://www.sreality.cz//detail/pronajem/byt/2+kk/zlin-zlin-fugnerovo-nabrezi/1202995788,58m²,2+kk,18000Kč/měsíc,Zlín,Fügnerovo nábřeží
https://www.sreality.cz//detail/pronajem/byt/2+1/otrokovice-otrokovice-tylova/3869524556,66m²,2+1,16000Kč/měsíc,Otrokovice,Tylova
https://www.sreality.cz//detail/pronajem/byt/2+kk/zlin-zlin-stefanikova/2143699532,52m²,2+kk,23900Kč/měsíc,Zlín,Štefánikova
https://www.sreality.cz//detail/pronajem/byt/3+1/luhacovice-luhacovice-druzstevni/2954248780,75m²,3+1,15700Kč/měsíc,Luhačovice,Družstevní
https://www.sreality.cz//detail/pronajem/byt/1+kk/zlin-zlin-detska/86393420,27m²,1+kk,12000Kč/měsíc,Zlín,Dětská
https://www.sreality.cz//detail/pronajem/byt/1+kk/zlin-zlin-trida-tomase-bati/354894412,25m²,1+kk,10000Kč/měsíc,Zlín,třída Tomáše Bati
https://www.sreality.cz//detail/pronajem/byt/2+1/zlin-zlin-na-honech-ii/3782468172,45m²,2+1,9800Kč/měsíc,Zlín,Na Honech II
https://www.sreality.cz//detail/pronajem/byt/1+kk/zlin-zlin-druzstevni/1254113868,35m²,1+kk,12500Kč/měsíc,Zlín,Družstevní
https://www.sreality.cz//detail/pronajem/byt/2+1/valasske-klobouky-valasske-klobouky-masarykovo-namesti/2166374988,70m²,2+1,15450Kč/měsíc,Valašské Klobouky,Masarykovo náměstí
https://www.sreality.cz//detail/pronajem/byt/2+kk/zlin-zlin-pasecka/3080602188,51m²,2+kk,16000Kč/měsíc,Zlín,Pasecká
https://www.sreality.cz//detail/pronajem/byt/2+1/zlin-zlin-podvesna-iv/783434316,57m²,2+1,12500Kč/měsíc,Zlín,Podvesná IV
https://www.sreality.cz//detail/pronajem/byt/3+kk/frystak-horni-ves-komenskeho/549601868,57m²,3+kk,15000Kč/měsíc,Fryšták - Horní Ves,Komenského
https://www.sreality.cz//detail/pronajem/byt/3+1/zlin-zlin-mostni/3403825740,52m²,3+1,25000Kč/měsíc,Zlín,Mostní
https://www.sreality.cz//detail/pronajem/byt/1+kk/zlin-zlin-kvitkova/1620263500,33m²,1+kk,13900Kč/měsíc,Zlín,Kvítková
https://www.sreality.cz//detail/pronajem/byt/1+1/zlin-zlin-sokolska/719077964,46m²,1+1,10300Kč/měsíc,Zlín,Sokolská
https://www.sreality.cz//detail/pronajem/byt/1+kk/zlin-priluky-pancava/1189888588,30m²,1+kk,8000Kč/měsíc,Zlín - Příluky,Pančava
https://www.sreality.cz//detail/pronajem/byt/2+1/brumov-bylnice-brumov-druzba/3026010700,59m²,2+1,13000Kč/měsíc,Brumov-Bylnice - Brumov,Družba
https://www.sreality.cz//detail/pronajem/byt/1+kk/zlin-zlin-kvitkova/3340595788,33m²,1+kk,14900Kč/měsíc,Zlín,Kvítková
https://www.sreality.cz//detail/pronajem/byt/1+1/zlin-mladcova-mokra-i/3634451020,37m²,1+1,11000Kč/měsíc,Zlín - Mladcová,Mokrá I
https://www.sreality.cz//detail/pronajem/byt/1+kk/zlin-prstne-svat-cecha/1133032268,25m²,1+kk,8400Kč/měsíc,Zlín - Prštné,Svat. Čecha
https://www.sreality.cz//detail/pronajem/byt/2+kk/zlin-zlin-javorova/120472140,34m²,2+kk,10500Kč/měsíc,Zlín,Javorová
https://www.sreality.cz//detail/pronajem/byt/2+1/zlin-zlin-dlouha/3058582092,56m²,2+1,16000Kč/měsíc,Zlín,Dlouhá
https://www.sreality.cz//detail/pronajem/byt/3+kk/otrokovice-otrokovice-moravni/1148076620,61m²,3+kk,15500Kč/měsíc,Otrokovice,Moravní
https://www.sreality.cz//detail/pronajem/byt/3+kk/luhacovice-luhacovice-dr-veseleho/3013558860,96m²,3+kk,36000Kč/měsíc,Luhačovice,Dr. Veselého
https://www.sreality.cz//detail/pronajem/byt/2+kk/zlin-zlin-osvoboditelu/3768533580,49m²,2+kk,12000Kč/měsíc,Zlín,Osvoboditelů
https://www.sreality.cz//detail/pronajem/byt/3+1/zlin-zlin-stefanikova/2702131788,72m²,3+1,14900Kč/měsíc,Zlín,Štefánikova
https://www.sreality.cz//detail/pronajem/byt/1+kk/zlin-zlin-lorencova/3647947340,30m²,1+kk,11000Kč/měsíc,Zlín,Lorencova
https://www.sreality.cz//detail/pronajem/byt/3+kk/luhacovice-luhacovice-nadrazni/287916620,96m²,3+kk,Cena na vyžádání,Luhačovice,Nádražní
https://www.sreality.cz//detail/pronajem/byt/2+1/zlin-zlin-padelky-vi/2634695244,70m²,2+1,12000Kč/měsíc,Zlín,Padělky VI
https://www.sreality.cz//detail/pronajem/byt/2+1/zlin-kudlov-fabianka-ii/1993175628,66m²,2+1,13700Kč/měsíc,Zlín - Kudlov,Fabiánka II
https://www.sreality.cz//detail/pronajem/byt/2+1/napajedla-napajedla-nabrezi/3584913996,61m²,2+1,11000Kč/měsíc,Napajedla,Nábřeží
https://www.sreality.cz//detail/pronajem/byt/4+1/zlin-zlin-okruzni/668226124,4+1,bytu,17000Kč/měsíc,Zlín,Okružní
https://www.sreality.cz//detail/pronajem/byt/3+1/vizovice-vizovice-masarykovo-nam/595612236,78m²,3+1,15500Kč/měsíc,Vizovice,Masarykovo nám.
https://www.sreality.cz//detail/pronajem/byt/1+kk/zlin-zlin-kvitkova/145838668,33m²,1+kk,19900Kč/měsíc,Zlín,Kvítková
https://www.sreality.cz//detail/pronajem/byt/1+kk/zlin-zlin-kvitkova/3645023052,33m²,1+kk,12000Kč/měsíc,Zlín,Kvítková
https://www.sreality.cz//detail/pronajem/byt/1+kk/zlin-zlin-druzstevni/214127180,26m²,1+kk,8000Kč/měsíc,Zlín,Družstevní
https://www.sreality.cz//detail/pronajem/byt/1+1/zlin-zlin-kuty/2469614156,39m²,1+1,9000Kč/měsíc,Zlín,Kúty
https://www.sreality.cz//detail/pronajem/byt/2+kk/breznice-breznice-/186470988,54m²,2+kk,12900Kč/měsíc,Březnice,
https://www.sreality.cz//detail/pronajem/byt/2+1/zlin-priluky-prilucka/2926531148,73m²,2+1,16000Kč,Zlín - Příluky,Přílucká
https://www.sreality.cz//detail/pronajem/byt/pokoj/hvozdna-hvozdna-sokolska/399069772,28m²,pokoje,5000Kč/měsíc,Hvozdná,Sokolská
https://www.sreality.cz//detail/pronajem/byt/1+kk/zlin-prstne-svat-cecha/1133032268,25m²,1+kk,8400Kč/měsíc,Zlín - Prštné,Svat. Čecha
https://www.sreality.cz//detail/pronajem/byt/pokoj/zlin-zlin-trida-tomase-bati/3861402188,114m²,pokoje,3708Kč/měsíc,Zlín,třída Tomáše Bati
https://www.sreality.cz//detail/pronajem/byt/3+kk/zlin-zlin-kamenna/1388991052,89m²,3+kk,20000Kč/měsíc,Zlín,Kamenná
https://www.sreality.cz//detail/pronajem/byt/3+1/zlin-zlin-podlesi-iii/3906822732,72m²,3+1,14000Kč/měsíc,Zlín,Podlesí III
https://www.sreality.cz//detail/pronajem/byt/1+kk/zlin-zlin-vetrna/2431017548,26m²,1+kk,8900Kč/měsíc,Zlín,Větrná
https://www.sreality.cz//detail/pronajem/byt/2+kk/zlin-louky-zadni-luhy/963818316,60m²,2+kk,14900Kč/měsíc,Zlín - Louky,Zadní luhy
https://www.sreality.cz//detail/pronajem/byt/pokoj/hvozdna-hvozdna-sokolska/1665557068,21m²,pokoje,5000Kč/měsíc,Hvozdná,Sokolská
https://www.sreality.cz//detail/pronajem/byt/1+kk/zlin-zlin-smetanova/2670748236,45m²,1+kk,13200Kč/měsíc,Zlín,Smetanova
https://www.sreality.cz//detail/pronajem/byt/3+kk/zlin-malenovice-trida-3-kvetna/2379965004,12m²,3+kk,6000Kč/měsíc,Zlín - Malenovice,třída 3. května
https://www.sreality.cz//detail/pronajem/byt/atypicky/zlin-zlin-trida-tomase-bati/1991406156,25m²,atypický,8500Kč/měsíc,Zlín,třída Tomáše Bati
https://www.sreality.cz//detail/pronajem/byt/pokoj/otrokovice-otrokovice-tr-spojencu/2953052748,21m²,pokoje,8500Kč/měsíc,Otrokovice,tř. Spojenců
https://www.sreality.cz//detail/pronajem/byt/pokoj/otrokovice-otrokovice-tr-spojencu/84148812,21m²,pokoje,10500Kč/měsíc,Otrokovice,tř. Spojenců
https://www.sreality.cz//detail/pronajem/byt/pokoj/otrokovice-otrokovice-tr-spojencu/3644064332,21m²,pokoje,9500Kč/měsíc,Otrokovice,tř. Spojenců
https://www.sreality.cz//detail/pronajem/byt/1+1/zlin-zlin-ceska/1908871756,33m²,1+1,11500Kč/měsíc,Zlín,Česká
https://www.sreality.cz//detail/pronajem/byt/pokoj/zlin-zlin-benesovo-nabrezi/2667782732,58m²,pokoje,3800Kč/měsíc,Zlín,Benešovo nábřeží
https://www.sreality.cz//detail/pronajem/byt/pokoj/zlin-zlin-ceska/1236247372,89m²,pokoje,3500Kč/měsíc,Zlín,Česká
https://www.sreality.cz//detail/pronajem/byt/2+kk/zlin-louky-/182441292,45m²,2+kk,12500Kč/měsíc,Zlín - Louky,
https://www.sreality.cz//detail/pronajem/byt/1+1/rackova-rackova-/1342734924,40m²,1+1,12000Kč/měsíc,Racková,
https://www.sreality.cz//detail/pronajem/byt/4+kk/luhacovice-luhacovice-/826365260,100m²,4+kk,39900Kč/měsíc,Luhačovice,
